duty_cycle_pct,frequency_hz,period_ms,on_time_ms,off_time_ms,high_samples,total_samples,voltage,filename,expected_duty_cycle,error_pct,error_absolute
100.0,,,,,9995,9995,0.0,scope_23.csv,0.0,100.0,100.0
83.15157578789395,995.4651034177634,1.0045555555555556,,,8311,9995,0.5,scope_26.csv,16.666666666666664,66.48490912122728,66.48490912122728
67.02351175587793,995.9057209250857,1.0041111111111112,0.6699,0.33422222222222225,6699,9995,1.0,scope_29.csv,33.33333333333333,33.690178422544605,33.690178422544605
49.77488744372186,995.9057209250857,1.0041111111111112,,,4975,9995,1.5,scope_32.csv,50.0,-0.22511255627814108,0.22511255627814108
33.58679339669835,996.2364401151208,1.0037777777777777,0.33569999999999994,0.6681111111111112,3357,9995,2.0,scope_36.csv,66.66666666666666,-33.07987326996831,33.07987326996831
16.918459229614808,996.3467286615742,1.0036666666666667,0.16909999999999997,0.8345555555555555,1691,9995,2.5,scope_39.csv,83.33333333333334,-66.41487410371853,66.41487410371853
0.04002001000500251,427.10706150341684,2.3413333333333335,0.0009999999999998066,2.340333333333333,4,9995,3.0,scope_42.csv,100.0,-99.95997998999499,99.95997998999499
