duty_cycle_pct,frequency_hz,period_ms,on_time_ms,off_time_ms,low_samples,total_samples,voltage,filename,expected_duty_cycle,error_pct,error_absolute
0.0,,,,,0,9995,0.0,scope_23.csv,0.0,0.0,0.0
16.848424212106053,995.4651034177634,1.0045555555555556,0.16840000000000002,0.8362222222222222,1684,9995,0.5,scope_26.csv,16.666666666666664,0.18175754543938893,0.18175754543938893
32.97648824412206,995.9057209250857,1.0041111111111112,,,3296,9995,1.0,scope_29.csv,33.33333333333333,-0.35684508921126934,0.35684508921126934
50.22511255627814,995.9057209250859,1.004111111111111,0.5020000000000001,0.5021111111111112,5020,9995,1.5,scope_32.csv,50.0,0.22511255627814108,0.22511255627814108
66.41320660330166,996.1261759822909,1.003888888888889,,,6638,9995,2.0,scope_36.csv,66.66666666666666,-0.25346006336499727,0.25346006336499727
83.08154077038519,996.4570416297611,1.0035555555555553,,,8304,9995,2.5,scope_39.csv,83.33333333333334,-0.2517925629481539,0.2517925629481539
99.95997998999499,427.10706150341684,2.3413333333333335,,,9991,9995,3.0,scope_42.csv,100.0,-0.040020010005008544,0.040020010005008544
